Celltype,Raw Count,Normalized Count
Striatal neurons,90,0.4945054945054945
Cortical striatal astrocytes,28,0.15384615384615385
Immature cells!!!,15,0.08241758241758242
Hybrid cells,14,0.07692307692307693
Sparse oligodendrocytes 2,10,0.054945054945054944
Sparse endothelial (microglia),6,0.03296703296703297
Sparse endothelial (microglia) 2,4,0.02197802197802198
Thalamic neurons,4,0.02197802197802198
Sparse oligodendrocytes,3,0.016483516483516484
Sparse activated microglia/astrocytes,2,0.01098901098901099
Coritcal and stiratal neurons,1,0.005494505494505495
Cortical L4/5 neurons,1,0.005494505494505495
Cortical oligodendrocytes,1,0.005494505494505495
Midbrain neurons,1,0.005494505494505495
Thalamic midbrain astrocytes,1,0.005494505494505495
Thalamic midbrain oligodendrocytes,1,0.005494505494505495
